org_name,id,name,email,role,active,notes,group,api_subscription,employee_id,promotion_code,tags,IDs
Express Merchant Service,7524917807,Jennifer Hansen - CE - aparna,jhansen@example.com,admin,True,Likes emojis ðŸ˜Š,Advanced Support - CE,planunderscoregold,,doloratdoloremque,[],367196411674
United Oil & Gas Corp.,7858057707,Kate Hoffman - CE - aparna,katehoffman7@example.com,admin,True,,Tier 2 Support - CE,planunderscoregold,,ullaminventorefuga,[],367196441594
Bob's super ford,7858067547,Anna Dalby - CE - aparna,anna.dalby1@example.com,end-user,True,,,planunderscoregold,,velquasvel,"['subscriptionunderscoresilver', 'productunderscorea', 'chefunderscoredequipe', 'planunderscoregold', 'nounderscorecsat']",367196403354
Eisner Food Stores,7858071167,Aubrey Kaine - CE - aparna,aubreykaine00@example.com,agent,True,,Sales - CE,planunderscoresilver,,natusmolestiasea,[],367196409534
Bodega Club,7858083167,Francis Kind - CE - aparna,franciskind.zen@example.com,agent,True,,Advanced Support - CE,planunderscoregold,,nobisconsecteturenim,[],367239842073
Kleinhans,7858096207,Bunk Moreland - CE - aparna,bunkmoreland410@example.com,admin,True,,Product Support - CE,planunderscoregold,,nisiquodperspiciatis,[],367196423854
ABA English,7858111247,Lester Freamon - CE - aparna,lazendesk@example.com,admin,True,,Product Support - CE,planunderscoresilver,,etplaceatcupiditate,[],367239839593
This name is not unique,7858119547,Marlo Stanfield - CE - aparna,ceenduser@example.com,end-user,True,,,planunderscoregold,15.0,expeditaaliquidipsa,"['gold', 'paid', 'sanunderscorefrancisco', 'co-op', 'vip']",367239874753
Test 815510052462391,7858174327,Emma Lee - CE - aparna,fakecustomer1234@example.com,end-user,True,,,planunderscorebronze,12345.0,eainventorevoluptas,"['planunderscoregold', 'vipunderscoreuser', 'nounderscorecsat']",367239874713
Pro-Care Garden Maintenance,7929155048,Shirin Poeplinghaus - CE - aparna,lucywalsh.zendesk@example.com,agent,True,,Tier 1 Support - CE,planunderscorebronze,,explicabodebitisea,['tier1underscoresupport'],367196434514
Wealthy Ideas,7929180588,Jimmy McNulty - CE - aparna,jmcnulty410@example.com,end-user,True,,,planunderscorebronze,,maximeabquibusdam,"['vipunderscoreuser', 'emea', 'planunderscoresilver', 'resigned']",367196443654
Avant Garde Interior Designs,8129791828,Jennifer Hansen - CE - aparna,fakeagent548@example.com,agent,True,,Advanced Support - CE,planunderscorebronze,,laboresolutapariatur,['vipunderscorecustomer'],367239840053
Gamma Grays,11321745068,Lisa Roth - CE - aparna,lrothrauff@example.com,admin,True,,Product Support - CE,planunderscoregold,,illoomnisnisi,[],367239850553
Test 815510052462391,11321745068,Lisa Roth - CE - aparna,lrothrauff@example.com,admin,True,,Product Support - CE,planunderscoregold,,illoomnisnisi,[],367239874713
Education 360,12946394628,Sample customer - aparna,customer@example.com,end-user,True,,,planunderscoresilver,,remsaepefugiat,[],367196409434
ABA English,13618422767,Em Cino - CE - aparna,franciskind.zen+01@example.com,agent,True,,Product Support - CE,planunderscoresilver,,assumendaconsequaturdicta,[],367239839593
Crazy Tiger,15462603267,Samira Miller - CE - aparna,samira@example.com,agent,True,,Tier 1 Support - CE,planunderscorebronze,,vitaeasunt,[],367196407394
Spaceage Stereo,16255518428,Karen Biscopink - CE - aparna,kbiscopink@example.com,admin,True,,Product Support - CE,planunderscorebronze,,sequiistedicta,[],367239872653
1077207-Moneygram International,16306259928,Robert - aparna,franciskind.zen+1@example.com,admin,True,,Advanced Support - CE,planunderscoresilver,,namlaborepariatur,[],367196395234
1-Stop Connections,17257677007,Jen Doe - CE - aparna,fakecustomer2016@example.com,end-user,True,,,planunderscoregold,123456789.0,inventoreveroprovident,['planunderscoresilver'],367239833453
Mighty Casey's,18025059467,Charles Nadeau - CE - aparna,cnadeau@example.com,admin,True,,Product Support - CE,planunderscorebronze,,veniamfacereea,[],367239863293
sForce,18093484988,Laduma Nguyuza - aparna,laduma@example.com,admin,True,,Product Support - CE,planunderscorebronze,,dictalaborumconsequatur,[],367239872613
Hamady Bros. Supermarkets,18163710208,Fred Flora - CE - aparna,fredflora@example.com,end-user,True,,,planunderscoregold,,expeditasimiliqueneque,"['planunderscoregold', 'nounderscorecsat']",367239850593
Kleinhans,18163710208,Fred Flora - CE - aparna,fredflora@example.com,end-user,True,,,planunderscoregold,,expeditasimiliqueneque,"['planunderscoregold', 'nounderscorecsat']",367196423854
Spaceage Stereo,18163710208,Fred Flora - CE - aparna,fredflora@example.com,end-user,True,,,planunderscoregold,,expeditasimiliqueneque,"['planunderscoregold', 'nounderscorecsat']",367239872653
Farrell's Ice Cream Parlour,18730775647,Jackson Davis - CE - aparna,jdavis@example.com,agent,True,,Product Support - CE,planunderscorebronze,,errorrationequaerat,[],367239850413
Mighty Casey's,22214309548,Megan Browning - CE - aparna,mbrowning@example.com,admin,True,,Product Support - CE,planunderscorebronze,,eumfacerequisquam,[],367239863293
Life Map,22301486087,Mark Banuelos - CE - aparna,mbanuelos@example.com,agent,True,,Product Support - CE,planunderscorebronze,,eaqueconsequunturatque,[],367239861193
The New Org,22407851608,Clark Green - CE - aparna,clarkgreen123@example.com,admin,True,,Product Support - CE,planunderscoregold,,remquodrepellat,[],367196437414
Frame Scene,22983923328,Nick Lopez - aparna,nicklopez123123@example.com,end-user,True,,,planunderscoregold,,mollitiacorruptitemporibus,"['planunderscoresilver', 'vip']",367196413694
MVP Sports,23783206948,Alexander Migale - CE - aparna,agm.zendesk@example.com,admin,True,,Tier 1 Support - CE,planunderscoresilver,,harumblanditiisconsectetur,"['sales', 'training']",367239864413
Clemens Markets,24410956807,Beatrix Abbott - CE - aparna,mbrowning+ba@example.com,admin,True,,Product Support - CE,planunderscoresilver,,perspiciatisperspiciatisprovident,[],367239844293
Merrymaking,24495693028,Cruz Smith - CE - aparna,mbrowning+cs@example.com,agent,True,,Product Support - CE,planunderscorebronze,,quaerecusandaedolorum,[],367239863213
Allied Agent Office,26130084287,Courtney Benjamin-CE - aparna,cb.zendesk@example.com,end-user,True,,,planunderscoresilver,,delenitihicat,"['gold', 'emeaunderscorecustomer', 'london', 'europe']",367196397314
Eisner Food Stores,26309753347,Austin Haukinz - CE - aparna,ahaukinz@example.com,agent,True,,Product Support - CE,planunderscoresilver,,inadest,[],367196409534
Country Club Markets,26395517047,Aza Coward - CE - aparna,aza@example.com,admin,True,,Promotions - CE,planunderscoresilver,,eiusidconsectetur,[],367239844313
Trak Auto,26400784527,Eat Well Support - aparna,,end-user,True,,,planunderscorebronze,,eligendisuscipitvero,[],367239874773
360 Incentives,26400784527,Eat Well Support - aparna,,end-user,True,,,planunderscorebronze,,eligendisuscipitvero,[],367239837453
Express Merchant Service,26400784527,Eat Well Support - aparna,,end-user,True,,,planunderscorebronze,,eligendisuscipitvero,[],367196411674
Matrix Architectural Service,26958734847,Malcom - aparna,malcolm@example.com,end-user,True,,,planunderscorebronze,,ipsaofficiadolore,[],367196426474
Mr. Steak,27401922328,Chris Meyers - aparna,cmeyers@example.com,end-user,True,,,planunderscoregold,,occaecaticumfugit,['guideunderscoretier1underscoresection'],367196432474
Express Merchant Service,27562100148,John Smith - aparna,john@example.com,end-user,True,,,planunderscoregold,,quaedoloreenim,[],367196411674
University of Arizona,27599923708,John Smith - aparna,john@example.com,end-user,True,,,planunderscoresilver,,quaeillosaepe,[],367196441634
Beecher Supply,27774465447,george - aparna,georgeo@example.com,end-user,True,,,planunderscoregold,,solutaexercitationemiste,[],367239840073
123456789,27869766668,Visitor 23590364 - aparna,,end-user,True,,,planunderscoregold,,pariaturaccusantiumvoluptatibus,[],367239833473
Helios Air,27904624747,Visitor 96375178 - aparna,,end-user,True,,,planunderscoregold,,quibusdammaximea,[],367196419714
Joe SR Private Org,27904624747,Visitor 96375178 - aparna,,end-user,True,,,planunderscoregold,,quibusdammaximea,[],367196423814
Country Club Markets2,27905466447,Visitor 7277679 - aparna,,end-user,True,,,planunderscoresilver,,remoditdolorum,[],367196405394
Sally SR Org,27985761827,Test - aparna,,end-user,True,,,planunderscoresilver,,facilisinventorefacere,[],367196435334
Sunburst Garden Management,27985761827,Test - aparna,,end-user,True,,,planunderscoresilver,,facilisinventorefacere,[],367239874693
The Pink Pig Tavern,27999910988,Visitor 88770589 - aparna,,end-user,True,,,planunderscoregold,,corruptidoloremquesequi,[],367239874733
"United Oil & Gas, Singapore",28000506268,Visitor 56361663 - aparna,,end-user,True,,,planunderscoresilver,,rerumvoluptatesaut,[],367239876793
Wealthy Ideas,28036032308,Visitor 44363997 - aparna,,end-user,True,,,planunderscorebronze,,iustoexpeditapossimus,[],367196443654
Steve's Ice Cream,28168831447,Visitor 79609699 - aparna,,end-user,True,,,planunderscoresilver,,idpraesentiumab,[],367239874673
Red Bears Tavern,28171733667,George - aparna,,end-user,True,,,planunderscoresilver,,maioreslaborumomnis,[],367196434534
Avant Garde Appraisal,28270872488,George - aparna,gg@example.com,end-user,True,,,planunderscorebronze,,ipsamabexplicabo,[],367196401314
Singer Lumber,28270872488,George - aparna,gg@example.com,end-user,True,,,planunderscorebronze,,ipsamabexplicabo,[],367239872633
VIP Customers,28270872488,George - aparna,gg@example.com,end-user,True,,,planunderscorebronze,,ipsamabexplicabo,[],367196441654
IOU Money,28308545067,Visitor 86361647 - aparna,,end-user,True,,,planunderscorebronze,,numquampraesentiumeos,[],367196421794
Odyssey Records & Tapes,28308630867,Visitor 9069214 - aparna,,end-user,True,,,planunderscoregold,,laudantiumcommodidolore,[],367239864453
Burlington Textiles Corp of America,28309006027,Visitor 33491187 - aparna,,end-user,True,,,planunderscorebronze,,magnamdolorefugit,[],367239844093
Food Mart,28384330507,Visitor 42889124 - aparna,,end-user,True,,,planunderscoresilver,,explicaboeaqueiste,[],367239850533
Allied Agent Office,28384330507,Visitor 42889124 - aparna,,end-user,True,,,planunderscoresilver,,explicaboeaqueiste,[],367196397314
Avant Garde Interior Designs,28384330507,Visitor 42889124 - aparna,,end-user,True,,,planunderscoresilver,,explicaboeaqueiste,[],367239840053
"Deco Refreshments, Inc.",28387098308,Visitor 86361647 - aparna,,end-user,True,,,planunderscoresilver,,quasveroquis,[],367196407414
Builders Emporium,28404557288,Visitor 85664065 - aparna,,end-user,True,,,planunderscoresilver,,faceremagnamvoluptatum,[],367196403374
Sew-Fro Fabrics,28613552627,Visitor 11995833 - aparna,,end-user,True,,,planunderscoregold,,laboresuscipitdoloremque,[],367196437354
8th Sphere,28613585787,Visitor 86361647 - aparna,,end-user,True,,,planunderscoregold,,voluptatibusrepellatdeleniti,[],367196395294
Incluesiv,28613783407,Visitor 86361647 - aparna,jcruise@example.com,end-user,True,,,planunderscorebronze,,modiquaeratiusto,[],367239854633
Edge Communications,28647500487,Visitor 17497796 - aparna,,end-user,True,,,planunderscoregold,,quodnobismagnam,[],367239846413
Country Club Markets2,28647634607,Visitor 26613524 - aparna,,end-user,True,,,planunderscoregold,,facilisadratione,[],367196405394
MVP Sports,28719455568,Visitor 56042054 - aparna,,end-user,True,,,planunderscoresilver,,enimassumendaaliquid,[],367239864413
Knox Lumber,28720016248,Visitor 14343384 - aparna,,end-user,True,,,planunderscoregold,,similiqueatquequae,[],367239857193
Avant Garde Appraisal,28747405507,Visitor 14343384 - aparna,,end-user,True,,,planunderscoresilver,,ipsaillumut,[],367196401314
Sistemos,28747405507,Visitor 14343384 - aparna,,end-user,True,,,planunderscoresilver,,ipsaillumut,[],367196437374
40 Proof,28747552927,Visitor 13789444 - aparna,,end-user,True,,,planunderscorebronze,,quisquamconsectetursunt,[],367196395274
United Oil & Gas Corp.,28747575007,Visitor 87985401 - aparna,,end-user,True,,,planunderscoregold,,dolorumarchitectoconsectetur,[],367196441594
"United Oil & Gas, UK",28749160287,Visitor 14272733 - aparna,,end-user,True,,,planunderscoregold,,cumexplicaboquo,[],367196441614
University of Arizona,28749190667,Efren - aparna,efren@example.com,end-user,True,,,planunderscorebronze,,dictaametnon,[],367196441634
Ole's,28751157548,Visitor 86361647 - aparna,,end-user,True,,,planunderscoresilver,,sequianimisequi,[],367196434494
757 Creative Space,28756791707,Sera Tajima - CE - aparna,stajima@example.com,admin,True,,Product Support - CE,planunderscorebronze,,laudantiumdolorumipsa,[],367239837573
Rackspace Corporate,28794745788,Visitor 41764726 - aparna,,end-user,True,,,planunderscoregold,,nisiquisoccaecati,[],367239868573
Sew-Fro Fabrics,28824254527,Shirin - aparna,shirin@example.com,end-user,True,,,planunderscorebronze,,nostrumexaperiam,[],367196437354
Sunburst Garden Management,28850450748,Visitor 86361647 - aparna,,end-user,True,,,planunderscoresilver,,mollitiaipsumtemporibus,[],367239874693
Asian Fusion,28852187228,Visitor 64655414 - aparna,,end-user,True,,,planunderscoregold,,expeditaaasperiores,[],367239839653
University of Arizona,360013515467,Caller Unknown - aparna,,end-user,True,,,planunderscorebronze,,iurevoluptatumfacere,[],367196441634
Mervyn's,360013515467,Caller Unknown - aparna,,end-user,True,,,planunderscorebronze,,iurevoluptatumfacere,[],367196428474
VIP Customers,360013515467,Caller Unknown - aparna,,end-user,True,,,planunderscorebronze,,iurevoluptatumfacere,[],367196441654
1077207-Moneygram International,360097753587,Amanda Gamblin - CE - aparna,agamblin@example.com,admin,True,,Product Support - CE,planunderscoresilver,,undeexplicabodeserunt,[],367196395234
Seth Means Org,360216579807,Agamblin+test - aparna,agamblin+test@example.com,end-user,True,,,planunderscorebronze,,faciliscommodivel,[],367239872593
Seth Means Org,360313965087,Laurence Hardie - CE - aparna,lhardie@example.com,admin,True,,Tier 1 Support - CE,planunderscorebronze,,nostrumaliasdolores,[],367239872593
Merrymaking2,360501915827,Visitor 85725979 - aparna,,end-user,True,,,planunderscoresilver,,natusveritatisquod,[],367239863253
Sunburst Garden Management,360501965327,Visitor 85725979 - aparna,,end-user,True,,,planunderscoresilver,,cumquecumab,[],367239874693
Express Merchant Service,360526188007,Visitor 64846162 - aparna,,end-user,True,,,planunderscorebronze,,architectoevenietrepellendus,[],367196411674
Waccamaw Pottery,360533074907,Visitor 72934791 - aparna,,end-user,True,,,planunderscoresilver,,illoexplicabosunt,[],367239878793
VIP Customers,360551849568,Visitor 80224582 - aparna,,end-user,True,,,planunderscoresilver,,numquamodittemporibus,[],367196441654
"United Oil & Gas, UK",360556141168,Visitor 17565537 - aparna,,end-user,True,,,planunderscoresilver,,fugasaepemollitia,[],367196441614
Bob's super ford,360621820448,Sam Smitty - aparna,sam@example.com,end-user,True,,,planunderscoresilver,,repellatdoloremqueaspernatur,[],367196403354
1077207-Moneygram International,360682876568,65092144444_flagged_for_inspection - aparna,,end-user,True,,,planunderscorebronze,,suntcupiditatererum,[],367196395234
Ardan's,360880643887,Benoit Duval - aparna,bduval@example.com,end-user,True,,,planunderscoresilver,,mollitiasimiliquerepudiandae,[],367239839633
National Hardgoods Distributors,360898110347,Jane Smith - aparna,jane@example.com,end-user,True,,,planunderscoresilver,,ullampossimuserror,[],367239864433
Laura Ashley,360898110347,Jane Smith - aparna,jane@example.com,end-user,True,,,planunderscoresilver,,ullampossimuserror,[],367196423874
Hudson's MensWear,360930727768,Leister - aparna,leister@example.com,end-user,True,,,planunderscorebronze,,hiccupiditatelibero,[],367196421774
Matrix Architectural Service,360962159208,+1 (707) 553-3856 - aparna,,end-user,True,,,planunderscorebronze,,dolorumfugiatsed,[],367196426474
Turtle's Records & Tapes,360982403148,Liz Roth - aparna,lrothrauff@example.com,end-user,True,,,planunderscoresilver,,laudantiumvoluptatumvero,[],367239876773
Suncoast Video,361036107807,Caller +1 (608) 628-4363 - aparna,,end-user,True,,,planunderscoresilver,,quamdoloremdistinctio,[],367196437394
Speedy org,361082424907,Qwerty - aparna,qwerty@example.com,end-user,True,,,planunderscoresilver,,laboriosamanimiad,[],367239874653
Joe SR Private Org,361087533008,Cookie Monster - aparna,coooooookkkkkkiiiiiie@example.com,end-user,True,,,planunderscoregold,,reiciendisidveritatis,[],367196423814
Mr Fireworks,361087533008,Cookie Monster - aparna,coooooookkkkkkiiiiiie@example.com,end-user,True,,,planunderscoregold,,reiciendisidveritatis,[],367239864353
Knox Lumber,361087533008,Cookie Monster - aparna,coooooookkkkkkiiiiiie@example.com,end-user,True,,,planunderscoregold,,reiciendisidveritatis,[],367239857193
MVP Sports,361108719247,Visitor 17886942 - aparna,,end-user,True,,,planunderscoregold,,doloribuscumqueillum,[],367239864413
University of Arizona,361109332388,Visitor 81100780 - aparna,,end-user,True,,,planunderscorebronze,,adipisciearumnesciunt,[],367196441634
Sistemos,361110324367,Visitor 86431441 - aparna,,end-user,True,,,planunderscoregold,,placeatdelenitialiquam,[],367196437374
_SR_ Tom Tribble - 987654,361113648427,Visitor 9729838 - aparna,,end-user,True,,,planunderscorebronze,,liberomolestiassunt,[],367196443674
Matrix Architectural Service,361119201707,Tom Cruise - aparna,test@example.com,end-user,True,,,planunderscoresilver,,quisquamdolorempraesentium,[],367196426474
International Widgets,361119201707,Tom Cruise - aparna,test@example.com,end-user,True,,,planunderscoresilver,,quisquamdolorempraesentium,[],367239855193
This name is not unique,361119201707,Tom Cruise - aparna,test@example.com,end-user,True,,,planunderscoresilver,,quisquamdolorempraesentium,[],367239874753
Gold Medal,361253415068,Caller +1 (310) 897-9537 - aparna,,end-user,True,,,planunderscorebronze,,magnamaccusantiumsunt,[],367196417694
Merrymaking2,361316532347,Caller +353 87 352 5778 - aparna,,end-user,True,,,planunderscoresilver,,earumoditeius,[],367239863253
Laura Ashley,361384951128,Visitor 92968055 - aparna,,end-user,True,,,planunderscorebronze,,eosfugittempore,[],367196423874
"1,000 Bulbs",361396177647,Text user: +61429565663 - aparna,,end-user,True,,,planunderscoregold,,liberoutcum,[],367196395194
Red Food,361421586847,Visitor 56053843 - aparna,,end-user,True,,,planunderscoresilver,,quasicorporisvoluptas,[],367196434554
Pyramid Construction Inc.,361455267568,Customer Name - aparna,customer.email@example.com,end-user,True,,,planunderscoregold,,ametprovidentnihil,[],367239866573
Gamma Grays,361456033808,George - aparna,meganrbrowning@example.com,end-user,True,,,planunderscorebronze,,teneturmodidolore,[],367239850553
The New Org,361456033808,George - aparna,meganrbrowning@example.com,end-user,True,,,planunderscorebronze,,teneturmodidolore,[],367196437414
The New Org,361551068128,Henry Block - aparna,henry.block@example.com,end-user,True,,,planunderscoresilver,,totamminimaautem,['planunderscoregold'],367196437414
sForce,361551068128,Henry Block - aparna,henry.block@example.com,end-user,True,,,planunderscoresilver,,totamminimaautem,['planunderscoregold'],367239872613
Avant Garde Interior Designs,361551068128,Henry Block - aparna,henry.block@example.com,end-user,True,,,planunderscoresilver,,totamminimaautem,['planunderscoregold'],367239840053
"Deco Refreshments, Inc.",361610886187,Tom Smith - aparna,tsmith@example.com,end-user,True,,,planunderscorebronze,,quoddoloribussapiente,[],367196407414
House Of Denmark,361684745568,Visitor 51823672 - aparna,,end-user,True,,,planunderscoregold,,remdoloremvoluptas,[],367196419774
Sunburst Garden Management,361699492987,Visitor 80254017 - aparna,,end-user,True,,,planunderscorebronze,,atquedoloresfugiat,[],367239874693
Joe SR Private Org,361726563747,Bob Smith - aparna,bsmith@example.com,end-user,True,,,planunderscoresilver,,dolorumnesciuntcumque,[],367196423814
Country Club Markets,361734305508,Silvia Mueller - aparna,silvia.mueller@example.com,end-user,True,,,planunderscoregold,,accusantiumveroofficia,[],367239844313
Eisner Food Stores,361734489408,Leo Steim - aparna,leo.steim@example.com,end-user,True,,,planunderscorebronze,,possimusodioipsum,[],367196409534
Bugle Boy,361743721748,Fabian Flor - aparna,flortech@example.com,end-user,True,,,planunderscoresilver,,fugitdolorblanditiis,[],367239842093
Matrix Architectural Service,361794026628,Mark Smith - aparna,msmith@example.com,end-user,True,,,planunderscoregold,,facilisnequedistinctio,[],367196426474
Dickenson plc,362018813028,Visitor 11789822 - aparna,bsmith@example.com,end-user,True,,,planunderscorebronze,,distinctioquaeeum,[],367239846393
Monk Home Funding Services,362020789508,Visitor 89800926 - aparna,,end-user,True,,,planunderscoregold,,adtotamexcepturi,[],367239864333
University of Arizona,362040259707,Visitor 89800926 - aparna,,end-user,True,,,planunderscoresilver,,quasexpeditavero,[],367196441634
Matrix Architectural Service,362041300548,Visitor 85313381 - aparna,,end-user,True,,,planunderscoresilver,,voluptateoditnesciunt,[],367196426474
HomeBase,362067941067,Visitor 55191318 - aparna,,end-user,True,,,planunderscoregold,,delenitibeataequibusdam,[],367239852613
Kleinhans,362069661227,Visitor 52158329 - aparna,,end-user,True,,,planunderscorebronze,,delectusaccusantiumcorporis,[],367196423854
Asian Fusion,362088417607,Caller +1 (415) 653-0291 - aparna,,end-user,True,,,planunderscoregold,,accusamusaquis,[],367239839653
Bodega Club,362149319487,Caller +1 (415) 449-7593 - aparna,none@example.com,end-user,True,,,planunderscorebronze,,accusantiumveniamquas,[],367239842073
Clemens Markets,362203959067,RenÃ© F. Lisi - aparna,rene.lisi@example.com,end-user,True,,,planunderscoregold,,modiodioautem,[],367239844293
Hudson's MensWear,362310954848,Sara Gholampour - CE - aparna,sgholampour@example.com,admin,True,,Product Support - CE,planunderscoresilver,,earumaccusantiuma,[],367196421774
MVP Sports,362325794428,Andy J - aparna,ajones@example.com,end-user,True,,,planunderscoregold,,ineumdelectus,[],367239864413
House Of Denmark,362344331208,Mary Poeplinghaus - aparna,poeplinghaus@example.com,end-user,True,,,planunderscoregold,,rationedeseruntenim,[],367196419774
Merrymaking,362360769047,Visitor 71862868 - aparna,,end-user,True,,,planunderscorebronze,,solutalaboreearum,[],367239863213
40 Proof,362360789247,Visitor 74360839 - aparna,,end-user,True,,,planunderscoregold,,totamnostrumvoluptas,[],367196395274
Bugle Boy,362543207207,Stephanie Pellegrino - CE - aparna,spellegrino@example.com,admin,True,,Product Support - CE,planunderscorebronze,,pariaturenimet,[],367239842093
Helios Air,362720857788,Visitor 90093682 - aparna,,end-user,True,,,planunderscoresilver,,quirecusandaequas,[],367196419714
Sew-Fro Fabrics,362720857788,Visitor 90093682 - aparna,,end-user,True,,,planunderscoresilver,,quirecusandaequas,[],367196437354
VIP Customers,362720857788,Visitor 90093682 - aparna,,end-user,True,,,planunderscoresilver,,quirecusandaequas,[],367196441654
Mighty Casey's,362794308708,Robert Smith - aparna,bsmith1@example.com,end-user,True,,,planunderscoresilver,,nequeliberovoluptas,[],367239863293
IOU Money,362880696488,Visitor 96208453 - aparna,,end-user,True,,,planunderscoresilver,,expeditaquasiste,[],367196421794
Country Club Markets2,362924583467,Visitor 66678920 - aparna,,end-user,True,,,planunderscoresilver,,earumexercitationemfugiat,[],367196405394
1-800-Flowers.Com Inc,362925284907,Visitor 33560748 - aparna,,end-user,True,,,planunderscorebronze,,errorundedignissimos,[],367196395214
Builders Emporium,362928964707,Visitor 51955624 - aparna,,end-user,True,,,planunderscoregold,,repudiandaeexrepellendus,[],367196403374
Food Giant,363065237467,Austin Example - aparna,austin@example.com,end-user,True,,,planunderscorebronze,,impeditillumlaudantium,[],367239850513
Education 360,363065237467,Austin Example - aparna,austin@example.com,end-user,True,,,planunderscorebronze,,impeditillumlaudantium,[],367196409434
sForce,363065237467,Austin Example - aparna,austin@example.com,end-user,True,,,planunderscorebronze,,impeditillumlaudantium,[],367239872613
1-Stop Connections,363067053667,Jim Carrey - aparna,j@example.com,end-user,True,,,planunderscorebronze,,optiovelitalias,[],367239833453
Country Club Markets2,363067108127,Visitor 45740320 - aparna,,end-user,True,,,planunderscoresilver,,aliasdolorenesciunt,[],367196405394
GenePoint,363067545647,Visitor 68618381 - aparna,,end-user,True,,,planunderscoregold,,voluptatibusesseet,[],367196417674
757 Creative Space,363094031307,James Smith - aparna,jsmith@example.com,end-user,True,,,planunderscoregold,,illumfugiatnumquam,[],367239837573
Bugle Boy,363283306088,Clark Kent - aparna,superzenclark@example.com,end-user,True,"Here are some notes about Clark

8/9/18 - More notes",,planunderscoresilver,,earumquibusdamvel,['planunderscoresilver'],367239842093
Mr. Steak,363287515008,Visitor 23124403 - aparna,,end-user,True,,,planunderscorebronze,,quoeosmollitia,[],367196432474
8254111111111,363288561088,Visitor 23124403 - aparna,,end-user,True,,,planunderscoresilver,,repellatrepellatrecusandae,[],367239837593
Country Club Markets,363288561088,Visitor 23124403 - aparna,,end-user,True,,,planunderscoresilver,,repellatrepellatrecusandae,[],367239844313
1-Stop Connections,363288561088,Visitor 23124403 - aparna,,end-user,True,,,planunderscoresilver,,repellatrepellatrecusandae,[],367239833453
Red Bears Tavern,363301254308,Visitor 2178359 - aparna,,end-user,True,,,planunderscoresilver,,quosamaiores,[],367196434534
Singer Lumber,363325705808,Visitor 20722305 - aparna,,end-user,True,,,planunderscorebronze,,etdebitisprovident,[],367239872633
Eisner Food Stores,363325741368,Visitor 59350619 - aparna,,end-user,True,,,planunderscoregold,,quodvoluptatumquisquam,[],367196409534
Country Club Markets2,363342210167,Visitor 23124403 - aparna,,end-user,True,,,planunderscoresilver,,aliquamquaenam,[],367196405394
Lionel Playworld,363342971487,Laurence Hardie - aparna,,end-user,True,,,planunderscoregold,,architectovoluptatemnam,[],367196424054
Helios Air,363345880807,INTERNAL Aza - aparna,,end-user,True,,,planunderscoregold,,ametcumsit,['vip'],367196419714
Ardan's,363353878687,Visitor 37642204 - aparna,,end-user,True,,,planunderscoresilver,,voluptatumcorporisadipisci,[],367239839633
Allied Agent Office,363354985027,Visitor 54490895 - aparna,,end-user,True,,,planunderscoresilver,,minusreprehenderitunde,[],367196397314
Life Map,363358127827,Visitor 54490895 - aparna,,end-user,True,,,planunderscorebronze,,evenietexcepturiporro,[],367239861193
GenePoint,363384491427,Visitor 80562267 - aparna,,end-user,True,,,planunderscoregold,,eaquealiquammagni,[],367196417674
Matrix Architectural Service,363556362507,Visitor 70192527 - aparna,,end-user,True,,,planunderscoregold,,velitaiusto,[],367196426474
Merrymaking2,363556362507,Visitor 70192527 - aparna,,end-user,True,,,planunderscoregold,,velitaiusto,[],367239863253
2U,363556362507,Visitor 70192527 - aparna,,end-user,True,,,planunderscoregold,,velitaiusto,[],367196395254
Merrymaking2,363556748947,Visitor 29751713 - aparna,,end-user,True,,,planunderscoresilver,,doloruminventoremolestias,[],367239863253
Suncoast Video,363584568008,John Cruz - aparna,jcruise@example.com,end-user,True,,,planunderscoregold,,eiussolutaquidem,['planunderscoregold'],367196437394
Lionel Playworld,363655322748,Visitor 90758725 - aparna,,end-user,True,,,planunderscorebronze,,culpaarchitectoipsa,[],367196424054
Farrell's Ice Cream Parlour,363655322748,Visitor 90758725 - aparna,,end-user,True,,,planunderscorebronze,,culpaarchitectoipsa,[],367239850413
The New Org,363655322748,Visitor 90758725 - aparna,,end-user,True,,,planunderscorebronze,,culpaarchitectoipsa,[],367196437414
Dun Rite Lawn Care,363675387508,Visitor 28141507 - aparna,,end-user,True,,,planunderscoresilver,,quisaspernaturquas,[],367196407434
Crazy Tiger,363675387508,Visitor 28141507 - aparna,,end-user,True,,,planunderscoresilver,,quisaspernaturquas,[],367196407394
360 Incentives,363676859147,Amanda Parker - aparna,amandaparker818@example.com,end-user,True,,,planunderscoresilver,,temporibusadest,[],367239837453
This name is not unique,363732591767,Visitor 28141507 - aparna,,end-user,True,,,planunderscoresilver,,assumendasaepecumque,[],367239874753
Monk House Sales,363771310287,Visitor 1524816810 - aparna,,end-user,True,,,planunderscoresilver,,pariaturdolorumiste,[],367196430474
Country Club Markets2,363771310287,Visitor 1524816810 - aparna,,end-user,True,,,planunderscoresilver,,pariaturdolorumiste,[],367196405394
Steve's Ice Cream,363771310287,Visitor 1524816810 - aparna,,end-user,True,,,planunderscoresilver,,pariaturdolorumiste,[],367239874673
Mighty Casey's,363808003628,Visitor 3070227 - aparna,,end-user,True,,,planunderscoregold,,aliquidsapientealiquid,[],367239863293
"1,000 Bulbs",363897240227,Della Kartessan - CE - aparna,dellakartessan@example.com,end-user,True,Aza's 'End User',,planunderscoresilver,1234567.0,autemeosillum,['planunderscoregold'],367196395194
The Pink Pig Tavern,363897240227,Della Kartessan - CE - aparna,dellakartessan@example.com,end-user,True,Aza's 'End User',,planunderscoresilver,1234567.0,autemeosillum,['planunderscoregold'],367239874733
Grand Hotels & Resorts Ltd,363897240227,Della Kartessan - CE - aparna,dellakartessan@example.com,end-user,True,Aza's 'End User',,planunderscoresilver,1234567.0,autemeosillum,['planunderscoregold'],367239850573
Gold Medal,363930160187,Visitor 75987045 - aparna,,end-user,True,,,planunderscoresilver,,impeditfacilisaliquam,[],367196417694
United Oil & Gas Corp.,364036611588,Thomas Paul - aparna,tpaul@example.com,end-user,True,,,planunderscorebronze,,reprehenderitdolorest,[],367196441594
2U,364233283408,Megan - aparna,z3ntest@example.com,end-user,True,,,planunderscoresilver,,fugaadofficia,[],367196395254
HomeBase,364274605628,Text user: +61419351670 - aparna,,end-user,True,,,planunderscoregold,,sintvitaedolor,[],367239852613
Food Mart,364274605628,Text user: +61419351670 - aparna,,end-user,True,,,planunderscoregold,,sintvitaedolor,[],367239850533
Crazy Tiger,364293635167,Text user: +61432370089 - aparna,,end-user,True,,,planunderscoresilver,,iustodebitisdolore,[],367196407394
ABA English,364300745747,Trash End USer - aparna,trash@example.com,end-user,True,,,planunderscoresilver,,molestiasvoluptatemid,[],367239839593
Circuit City,364405301208,Anyemailhere - aparna,anyemailhere@example.com,end-user,True,,,planunderscorebronze,,laborearchitectosunt,[],367239844113
1077207-Moneygram International,364405301208,Anyemailhere - aparna,anyemailhere@example.com,end-user,True,,,planunderscorebronze,,laborearchitectosunt,[],367196395234
sForce,364430214354,Nicole Foxworth - aparna,nfoxworth@example.com,end-user,True,,,planunderscorebronze,,abminimaillo,[],367239872613
Herman's World of Sporting Goods,364461406927,Caller +44 20 8068 5829 - aparna,,end-user,True,,,planunderscorebronze,,quoscumqueitaque,[],367196419734
Hamady Bros. Supermarkets,364468316934,Maggie McGinnis - aparna,mmcginnis@example.com,end-user,True,,,planunderscorebronze,,distinctionihiltotam,[],367239850593
Express Logistics and Transport,364484381654,Visitor 65932330 - aparna,,end-user,True,,,planunderscoresilver,,impeditearummolestiae,[],367196411654
Waccamaw Pottery,364514220648,Visitor 81779164 - aparna,,end-user,True,,,planunderscorebronze,,ametindeserunt,[],367239878793
Avant Garde Appraisal,364530065227,Danica Beaniza - CE - aparna,dbeaniza@example.com,admin,True,,Product Support - CE,planunderscorebronze,,reiciendismollitiamaiores,[],367196401314
1-Stop Connections,364530065227,Danica Beaniza - CE - aparna,dbeaniza@example.com,admin,True,,Product Support - CE,planunderscorebronze,,reiciendismollitiamaiores,[],367239833453
ABA English,364533647448,Visitor 77710488 - aparna,,end-user,True,,,planunderscoresilver,,noncumadipisci,[],367239839593
A10 Capital,364533992748,Visitor 77710488 - aparna,,end-user,True,,,planunderscorebronze,,aspernaturnihilipsam,[],367196397294
757 Creative Space,364538099913,Visitor 30098570 - aparna,,end-user,True,,,planunderscoregold,,animiaccusamusquibusdam,[],367239837573
abbeal,364538099913,Visitor 30098570 - aparna,,end-user,True,,,planunderscoregold,,animiaccusamusquibusdam,[],367239839613
Sunburst Garden Management,364538099913,Visitor 30098570 - aparna,,end-user,True,,,planunderscoregold,,animiaccusamusquibusdam,[],367239874693
Seth Means Org,364541923814,Fashion Fan - aparna,,end-user,True,,,planunderscorebronze,,nullaquaevoluptas,[],367239872593
Test 815510052462391,364541923814,Fashion Fan - aparna,,end-user,True,,,planunderscorebronze,,nullaquaevoluptas,[],367239874713
Rackspace Corporate,364548966354,Visitor 60587126 - aparna,,end-user,True,,,planunderscoregold,,omnislaudantiumquas,[],367239868573
Red Bears Tavern,364548966354,Visitor 60587126 - aparna,,end-user,True,,,planunderscoregold,,omnislaudantiumquas,[],367196434534
2U,364586996908,Mark Banuelos - aparna,,end-user,True,,,planunderscoregold,,pariaturesseeum,[],367196395254
Edge Communications,364600018527,Visitor 38482122 - aparna,,end-user,True,,,planunderscorebronze,,solutaadipiscioptio,[],367239846413
Laura Ashley,364604541367,Visitor 77710488 - aparna,,end-user,True,,,planunderscoregold,,recusandaenihilsoluta,[],367196423874
Mr Fireworks,364636705273,Visitor 8901240 - aparna,,end-user,True,,,planunderscoregold,,quasexpeditalaborum,[],367239864353
Wellby,364650613648,Visitor 19811473 - aparna,,end-user,True,,,planunderscoregold,,temporibussolutaprovident,[],367239880793
Grey Fade,364652154174,Visitor 62704675 - aparna,,end-user,True,,,planunderscoregold,,odionatusnesciunt,[],367196417714
Steve's Ice Cream,364652472274,Visitor 64817955 - aparna,,end-user,True,,,planunderscorebronze,,eosesttempore,[],367239874673
Grand Hotels & Resorts Ltd,364652472274,Visitor 64817955 - aparna,,end-user,True,,,planunderscorebronze,,eosesttempore,[],367239850573
Matrix Architectural Service,364656134567,Tim - aparna,tim@example.com,end-user,True,,,planunderscorebronze,,laboriosamlaborumrepudiandae,[],367196426474
Bob's super ford,364664239174,Visitor 16879696 - aparna,,end-user,True,,,planunderscorebronze,,illosunttempora,[],367196403354
Speedy org,364757818588,Visitor 50013801 - aparna,,end-user,True,,,planunderscoregold,,consecteturofficiisitaque,[],367239874653
Pyramid Construction Inc.,364773286793,Visitor 9425483 - aparna,,end-user,True,,,planunderscoresilver,,maximeadvoluptatum,[],367239866573
Express Merchant Service,364773286793,Visitor 9425483 - aparna,,end-user,True,,,planunderscoresilver,,maximeadvoluptatum,[],367196411674
Farrell's Ice Cream Parlour,364773286793,Visitor 9425483 - aparna,,end-user,True,,,planunderscoresilver,,maximeadvoluptatum,[],367239850413
Food Giant,364773976133,Jackie - aparna,jready@example.com,end-user,True,,,planunderscorebronze,,natusvelnemo,[],367239850513
Monk Home Funding Services,364773976133,Jackie - aparna,jready@example.com,end-user,True,,,planunderscorebronze,,natusvelnemo,[],367239864333
Suncoast Video,364774205173,Visitor 33536861 - aparna,,end-user,True,,,planunderscoregold,,aillodebitis,[],367196437394
Builders Emporium,364781397233,Visitor 11296330 - aparna,,end-user,True,,,planunderscoregold,,assumendasuntcum,[],367196403374
Hudson's MensWear,364781397233,Visitor 11296330 - aparna,,end-user,True,,,planunderscoregold,,assumendasuntcum,[],367196421774
Merrymaking,364781397233,Visitor 11296330 - aparna,,end-user,True,,,planunderscoregold,,assumendasuntcum,[],367239863213
Romp,364781893213,Visitor 36380365 - aparna,,end-user,True,,,planunderscoresilver,,magnamnonimpedit,[],367239870593
Merrymaking,364788988574,Visitor 65067750 - aparna,,end-user,True,,,planunderscorebronze,,delenitirecusandaeullam,[],367239863213
Kleinhans,364789078274,Visitor 66768566 - aparna,,end-user,True,,,planunderscoresilver,,natusexplicaboaliquid,[],367196423854
Builders Emporium,364789574414,Evan Felker - aparna,evan.felker@example.com,end-user,True,,,planunderscoresilver,,temporasuscipitnihil,[],367196403374
Farrell's Ice Cream Parlour,364797094714,Visitor 94290488 - aparna,,end-user,True,,,planunderscoregold,,repellendussintplaceat,[],367239850413
Circuit City,364798686927,Ivan - aparna,ipreti@example.com,end-user,True,,,planunderscoresilver,,aspernaturexercitationemipsam,[],367239844113
Beecher Supply,364798686927,Ivan - aparna,ipreti@example.com,end-user,True,,,planunderscoresilver,,aspernaturexercitationemipsam,[],367239840073
A10 Capital,364817530433,Visitor 30092060 - aparna,,end-user,True,,,planunderscorebronze,,inporrodolores,[],367196397294
Express Logistics and Transport,364821093968,Caller +353 83 163 4311 - aparna,,end-user,True,,,planunderscoregold,,iustoullamipsam,[],367196411654
The New Org,364827167007,Noreply - aparna,noreply@example.com,end-user,True,,,planunderscoregold,,quibusdamexercitationemfugit,[],367196437414
"1,000 Bulbs",364828750188,Visitor 13225194 - aparna,,end-user,True,,,planunderscoresilver,,quameiusnostrum,[],367196395194
Kleinhans,364829669408,Visitor 36464076 - aparna,,end-user,True,,,planunderscoresilver,,abdebitiseum,[],367196423854
sForce,364829669408,Visitor 36464076 - aparna,,end-user,True,,,planunderscoresilver,,abdebitiseum,[],367239872613
Gold Medal,364829669408,Visitor 36464076 - aparna,,end-user,True,,,planunderscoresilver,,abdebitiseum,[],367196417694
123456789,364846881787,Coupons.com - aparna,reply@example.com,end-user,True,,,planunderscoresilver,,earumrepellatperferendis,[],367239833473
Test 815510052462391,364850628087,Kelly Star - aparna,kelly@example.com,end-user,True,,,planunderscoresilver,,molestiaevitaequia,"['planunderscoregold', 'vip']",367239874713
Farrell's Ice Cream Parlour,364862898133,Caller +353 1 691 7262 - aparna,,end-user,True,,,planunderscorebronze,,ipsamrepellendusminus,[],367239850413
Opticomp,364868412548,Visitor 72297896 - aparna,,end-user,True,,,planunderscorebronze,,natusodiomaxime,[],367239866453
Merrymaking2,364868412548,Visitor 72297896 - aparna,,end-user,True,,,planunderscorebronze,,natusodiomaxime,[],367239863253
Education 360,364868412548,Visitor 72297896 - aparna,,end-user,True,,,planunderscorebronze,,natusodiomaxime,[],367196409434
Home Quarters Warehouse,364874223787,Peetnik Rewards - aparna,customerservice@example.com,end-user,True,,,planunderscorebronze,,eumvoluptatumexpedita,[],367239852593
Dickenson plc,364888532467,Visitor 13225194 - aparna,,end-user,True,,,planunderscoregold,,earumiustoaut,[],367239846393
Mr. Steak,364888532467,Visitor 13225194 - aparna,,end-user,True,,,planunderscoregold,,earumiustoaut,[],367196432474
Blockbuster Music,364888561687,Visitor 13225194 - aparna,,end-user,True,,,planunderscoresilver,,debitispraesentiumcupiditate,[],367196403334
Eisner Food Stores,364888670367,Visitor 46442722 - aparna,,end-user,True,,,planunderscorebronze,,officiaquidemdolorum,[],367196409534
Circuit City,364888670367,Visitor 46442722 - aparna,,end-user,True,,,planunderscorebronze,,officiaquidemdolorum,[],367239844113
Test 815510052462391,364888670367,Visitor 46442722 - aparna,,end-user,True,,,planunderscorebronze,,officiaquidemdolorum,[],367239874713
University of Arizona,364889576487,Visitor 23887137 - aparna,,end-user,True,,,planunderscoresilver,,officiisvoluptatesnulla,[],367196441634
z3n Rye,364892011948,Juan Cruz - aparna,juan@example.com,end-user,True,,,planunderscoresilver,,voluptateseiusasperiores,[],367239880833
Sistemos,364892011948,Juan Cruz - aparna,juan@example.com,end-user,True,,,planunderscoresilver,,voluptateseiusasperiores,[],367196437374
123456789,364892011948,Juan Cruz - aparna,juan@example.com,end-user,True,,,planunderscoresilver,,voluptateseiusasperiores,[],367239833473
Farrell's Ice Cream Parlour,364921952413,Roberto Aiello - aparna,,end-user,True,,,planunderscorebronze,,necessitatibussintiusto,[],367239850413
fast org,364923561847,Visitor 72297896 - aparna,,end-user,True,,,planunderscoresilver,,delenitivitaenisi,[],367196411694
Edge Communications,364923790107,Visitor 72297896 - aparna,,end-user,True,,,planunderscoregold,,veldoloribusquos,[],367239846413
Country Club Markets,364923790107,Visitor 72297896 - aparna,,end-user,True,,,planunderscoregold,,veldoloribusquos,[],367239844313
Singer Lumber,364923790107,Visitor 72297896 - aparna,,end-user,True,,,planunderscoregold,,veldoloribusquos,[],367239872633
Sally SR Org,364935899853,Visitor 1534128820 - aparna,,end-user,True,,,planunderscorebronze,,ullamrecusandaedelectus,[],367196435334
Erol's,364935984093,Visitor 15475841 - aparna,,end-user,True,,,planunderscorebronze,,aliquiddoloremqueneque,[],367196409574
"United Oil & Gas, UK",364946339294,Caller +61 478 367 754 - aparna,,end-user,True,,,planunderscoregold,,voluptatequosincidunt,[],367196441614
Red Food,364948283894,Visitor 1534133467 - aparna,,end-user,True,,,planunderscorebronze,,voluptatibusautrepellat,[],367196434554
Merrymaking2,364958213073,George - aparna,george@example.com,end-user,True,,,planunderscoresilver,,totamrecusandaemagnam,[],367239863253
_SR_ Tom Tribble - 987654,364964357887,Text user: +6598372254 - aparna,,end-user,True,,,planunderscoregold,,voluptasadipiscisuscipit,[],367196443674
Clemens Markets,364964840094,Jane - aparna,jane@example.com,end-user,True,,,planunderscoregold,,cupiditatequasiunde,[],367239844293
Burlington Textiles Corp of America,364965030394,Visitor 93151541 - aparna,,end-user,True,,,planunderscoregold,,eligendiitaqueeius,[],367239844093
Mervyn's,364965030394,Visitor 93151541 - aparna,,end-user,True,,,planunderscoregold,,eligendiitaqueeius,[],367196428474
External ID Org,364965030394,Visitor 93151541 - aparna,,end-user,True,,,planunderscoregold,,eligendiitaqueeius,[],367239850393
z3n Rye,364986541128,Hubert Miller - aparna,hubert@example.com,end-user,True,,,planunderscoresilver,,corruptiveniamreprehenderit,['planunderscoregold'],367239880833
Hudson's MensWear,365000650947,Kelly Star - aparna,star@example.com,end-user,True,,,planunderscoresilver,,sequirecusandaealiquid,[],367196421774
abbeal,365000650947,Kelly Star - aparna,star@example.com,end-user,True,,,planunderscoresilver,,sequirecusandaealiquid,[],367239839613
Country Club Markets2,365000650947,Kelly Star - aparna,star@example.com,end-user,True,,,planunderscoresilver,,sequirecusandaealiquid,[],367196405394
Express Merchant Service,365032959174,Bonnie Leib - aparna,bleib@example.com,end-user,True,,,planunderscoresilver,,nullavoluptasculpa,[],367196411674
Wellby,365035862267,Mary - aparna,mary@example.com,end-user,True,,,planunderscoresilver,,adevenietmaiores,[],367239880793
40 Proof,365045556887,Visitor 80348219 - aparna,,end-user,True,,,planunderscoresilver,,asperioresdoloremqueblanditiis,[],367196395274
Country Club Markets2,365046905013,megan - aparna,me@example.com,end-user,True,,,planunderscoresilver,,earumquodincidunt,[],367196405394
2U,365051506748,Testing User - aparna,,end-user,True,,,planunderscoresilver,,inciduntmolestiaecum,[],367196395254
Speedy org,365052283727,Hubert MÃ¼ller - aparna,mueller@example.com,end-user,True,,,planunderscoregold,,istevelitnostrum,[],367239874653
Sally SR Org,365054326828,Jane Dough - CE - aparna,janedoughthefoodie@example.com,end-user,True,,,planunderscoregold,,nequebeataeexercitationem,"['resigned', 'planunderscoregold']",367196435334
Monk Home Funding Services,365064220774,Laurence Hardie - aparna,laurence.hardie@example.com,end-user,True,,,planunderscoresilver,,pariaturfugittotam,[],367239864333
Sew-Fro Fabrics,365082968813,Ken Copeland - CE - aparna,kcopeland@example.com,admin,True,,Product Support - CE,planunderscorebronze,,temporaquaeneque,[],367196437354
United Oil & Gas Corp.,365107577087,Visitor 34397965 - aparna,,end-user,True,,,planunderscoresilver,,hicnihilsoluta,[],367196441594
Northern Reflections,365107608747,Maury Povach - aparna,,end-user,True,,,planunderscorebronze,,quiaatdoloremque,[],367196434474
360 Incentives,365107608747,Maury Povach - aparna,,end-user,True,,,planunderscorebronze,,quiaatdoloremque,[],367239837453
University of Arizona,365107608747,Maury Povach - aparna,,end-user,True,,,planunderscorebronze,,quiaatdoloremque,[],367196441634
40 Proof,365108682747,Visitor 34397965 - aparna,,end-user,True,,,planunderscoregold,,minusculpaanimi,[],367196395274
"1,000 Bulbs",365108694327,Visitor 34397965 - aparna,,end-user,True,,,planunderscoresilver,,cupiditateerroraccusamus,[],367196395194
Sally SR Org,365111238567,Kale Chip - CE - aparna,kalechip@example.com,agent,True,,Product Support - CE,planunderscoregold,,dictatotamab,[],367196435334
Odyssey Records & Tapes,365112045754,Joana Ferreira - CE - aparna,jferreira@example.com,admin,True,,Product Support - CE,planunderscoresilver,,quistotameaque,[],367239864453
40 Proof,365112045754,Joana Ferreira - CE - aparna,jferreira@example.com,admin,True,,Product Support - CE,planunderscoresilver,,quistotameaque,[],367196395274
National Hardgoods Distributors,365169898654,Sally - aparna,sally@example.com,end-user,True,,,planunderscoregold,,eiusquamfuga,[],367239864433
2U,365169898654,Sally - aparna,sally@example.com,end-user,True,,,planunderscoregold,,eiusquamfuga,[],367196395254
Wealthy Ideas,365169898654,Sally - aparna,sally@example.com,end-user,True,,,planunderscoregold,,eiusquamfuga,[],367196443654
The New Org,365198160868,Alice - aparna,alice@example.com,end-user,True,,,planunderscoregold,,nihilcommodiaccusantium,[],367196437414
Monk Home Funding Services,365198237628,Alice - aparna,alice@example.com,end-user,True,,,planunderscoresilver,,ipsumasperioresfugiat,[],367239864333
Wealthy Ideas,365198237628,Alice - aparna,alice@example.com,end-user,True,,,planunderscoresilver,,ipsumasperioresfugiat,[],367196443654
Speedy org,365198237628,Alice - aparna,alice@example.com,end-user,True,,,planunderscoresilver,,ipsumasperioresfugiat,[],367239874653
Pro-Care Garden Maintenance,365202952148,George Miller - aparna,george@example.com,end-user,True,,,planunderscorebronze,,quisvoluptatesrecusandae,[],367196434514
Merrymaking2,365208718108,John Smythe - aparna,john-smythe@example.com,end-user,True,,,planunderscoresilver,,providentliberosequi,[],367239863253
Wellby,365213529667,Laurence - aparna,laurence@example.com,end-user,True,,,planunderscorebronze,,abaexpedita,[],367239880793
Dun Rite Lawn Care,365226352533,John Example - aparna,john@example.com,agent,True,,Product Support - CE,planunderscoresilver,,minusatenetur,[],367196407434
z3n Rye,365233250174,Tom Smith - aparna,tom@example.com,agent,True,,Product Support - CE,planunderscoregold,,quodullameveniet,[],367239880833
MVP Sports,365259594088,Sara Gholampour - aparna,saragholampour@example.com,agent,True,,Product Support - CE,planunderscoresilver,,sintmodiexplicabo,[],367239864413
Farrell's Ice Cream Parlour,365259594088,Sara Gholampour - aparna,saragholampour@example.com,agent,True,,Product Support - CE,planunderscoresilver,,sintmodiexplicabo,[],367239850413
Mr. Steak,365259594088,Sara Gholampour - aparna,saragholampour@example.com,agent,True,,Product Support - CE,planunderscoresilver,,sintmodiexplicabo,[],367196432474
Gold Medal,365267598227,Cait Glass - aparna,c.glass@example.com,end-user,True,,,planunderscorebronze,,inventorerepellatdeserunt,"['east', 'vip']",367196417694
Odyssey Records & Tapes,365312880294,Insoo Young - aparna,insyng135080@example.com,end-user,True,,,planunderscorebronze,,maximeevenietvoluptatem,"['vipunderscoreuser', 'planunderscoregold']",367239864453
Burlington Textiles Corp of America,365320495234,Visitor 49508977 - aparna,,end-user,True,,,planunderscoresilver,,voluptatesautemmolestias,[],367239844093
Sally SR Org,365320523174,Visitor 49508977 - aparna,,end-user,True,,,planunderscorebronze,,hicveritatiseveniet,[],367196435334
Eisner Food Stores,365320523174,Visitor 49508977 - aparna,,end-user,True,,,planunderscorebronze,,hicveritatiseveniet,[],367196409534
fast org,365320550614,Visitor 37980980 - aparna,,end-user,True,,,planunderscorebronze,,aperiamnullaaperiam,[],367196411694
Builders Emporium,365327056327,Mary Miller - aparna,demo.enduser1@example.com,end-user,True,,,planunderscorebronze,,praesentiumnammagni,['planunderscoregold'],367196403374
Knox Lumber,365348070827,Visitor 47731621 - aparna,,end-user,True,,,planunderscoregold,,quasperferendisperferendis,[],367239857193
Suncoast Video,365405591408,Visitor 45821848 - aparna,,end-user,True,,,planunderscorebronze,,accusantiumnatusinventore,[],367196437394
External ID Org,365405591408,Visitor 45821848 - aparna,,end-user,True,,,planunderscorebronze,,accusantiumnatusinventore,[],367239850393
House Of Denmark,365405757848,Visitor 67246172 - aparna,,end-user,True,,,planunderscoregold,,ullamimpeditsed,[],367196419774
The New Org,365417791147,Caller +1 (656) 817-5970 - aparna,,end-user,True,,,planunderscorebronze,,laudantiumcupiditateconsequatur,[],367196437414
Barbara Todd Org,365427051673,Visitor 80479029 - aparna,,end-user,True,,,planunderscoregold,,veroquaerattotam,[],367196401334
GenePoint,365427051673,Visitor 80479029 - aparna,,end-user,True,,,planunderscoregold,,veroquaerattotam,[],367196417674
Singer Lumber,365427051673,Visitor 80479029 - aparna,,end-user,True,,,planunderscoregold,,veroquaerattotam,[],367239872633
Clemens Markets,365428028273,Visitor 80479029 - aparna,,end-user,True,,,planunderscorebronze,,officiafacilisipsum,[],367239844293
Sew-Fro Fabrics,365436851934,Visitor 37980980 - aparna,,end-user,True,,,planunderscorebronze,,temporalaboriosamab,[],367196437354
United Oil & Gas Corp.,365464026934,Juan Smith - aparna,j@example.com,end-user,True,,,planunderscoregold,,omnisnihilea,[],367196441594
_SR_ Tom Tribble - 987654,365473299933,Susie Williams - aparna,wsusie611@example.com,end-user,True,,,planunderscorebronze,,beataerepellendusquibusdam,[],367196443674
Grey Fade,365491397147,Visitor 51608988 - aparna,,end-user,True,,,planunderscorebronze,,repellattenetureum,[],367196417714
Gamma Grays,365504931667,aza says... - aparna,,end-user,True,,,planunderscoregold,,aliquidliberoab,[],367239850553
Grey Fade,365518173613,Ruth Cockshott - aparna,rcockshott@example.com,end-user,True,,,planunderscoregold,,atimpeditdolorum,[],367196417714
Lionel Playworld,365530810448,Visitor 91877377 - aparna,,end-user,True,,,planunderscorebronze,,assumendaofficiatenetur,[],367196424054
Circuit City,365536006887,Fake Customer - aparna,fakecustomer123@example.com,end-user,True,,,planunderscoregold,,voluptasquaerattempora,[],367239844113
_SR_ Tom Tribble - 987654,365565223748,Wallace Example - aparna,wallace@example.com,end-user,True,,,planunderscoresilver,,ducimusreiciendisdicta,[],367196443674
Red Food,365575922827,Visitor 91877377 - aparna,,end-user,True,,,planunderscorebronze,,impeditnequeporro,[],367196434554
sForce,365575922827,Visitor 91877377 - aparna,,end-user,True,,,planunderscorebronze,,impeditnequeporro,[],367239872613
Spaceage Stereo,365575922827,Visitor 91877377 - aparna,,end-user,True,,,planunderscorebronze,,impeditnequeporro,[],367239872653
Ole's,365593674528,Wallace Wears - aparna,wallacew2003@example.com,agent,True,,Product Support - CE,planunderscorebronze,,rerumnisiratione,[],367196434494
Test 815510052462391,365593674528,Wallace Wears - aparna,wallacew2003@example.com,agent,True,,Product Support - CE,planunderscorebronze,,rerumnisiratione,[],367239874713
IOU Money,365632526467,Visitor 47300528 - aparna,,end-user,True,,,planunderscorebronze,,placeatsuscipitnulla,[],367196421794
Red Food,365799150553,Laura Adams - CE - aparna,ladams@example.com,admin,True,,Product Support - CE,planunderscoregold,998877.0,eiusaccusantiumnemo,"['emea', 'eatwellunderscoreemployee']",367196434554
National Hardgoods Distributors,365799174693,Ferdi Joannis - aparna,fjoannis@example.com,admin,True,,Product Support - CE,planunderscoregold,,doloreliberoinventore,[],367239864433
"United Oil & Gas, UK",365799174693,Ferdi Joannis - aparna,fjoannis@example.com,admin,True,,Product Support - CE,planunderscoregold,,doloreliberoinventore,[],367196441614
Gold Medal,365799174693,Ferdi Joannis - aparna,fjoannis@example.com,admin,True,,Product Support - CE,planunderscoregold,,doloreliberoinventore,[],367196417694
Food Giant,365885401633,Visitor 62157506 - aparna,jcruise@example.com,end-user,True,,,planunderscorebronze,,sedminimaab,[],367239850513
2U,365894539674,Visitor 62157506 - aparna,,end-user,True,,,planunderscoregold,,quidemreiciendisculpa,[],367196395254
Clemens Markets,365894583934,Visitor 23270136 - aparna,,end-user,True,,,planunderscoresilver,,aeligendiest,[],367239844293
This name is not unique,366003450933,Visitor 62157506 - aparna,,end-user,True,,,planunderscoregold,,laudantiumenimamet,[],367239874753
Singer Lumber,366006437014,Visitor 97813388 - aparna,,end-user,True,,,planunderscoresilver,,adexercitationemquo,[],367239872633
ABA English,366006469294,Visitor 46214649 - aparna,,end-user,True,,,planunderscorebronze,,ametveritatiseius,[],367239839593
Herman's World of Sporting Goods,366006469294,Visitor 46214649 - aparna,,end-user,True,,,planunderscorebronze,,ametveritatiseius,[],367196419734
fast org,366006469294,Visitor 46214649 - aparna,,end-user,True,,,planunderscorebronze,,ametveritatiseius,[],367196411694
Gamma Grays,366033715794,Jeshadp - aparna,jeshadp@example.com,end-user,True,,,planunderscoregold,,similiquetotamsed,[],367239850553
Seth Means Org,366210470234,Visitor 41363249 - aparna,,end-user,True,,,planunderscoresilver,,beataeveniamquisquam,[],367239872593
Sunburst Garden Management,366456498913,Chloe Customer - (Laura CE) - aparna,chloecustomer88@example.com,end-user,True,,,planunderscoresilver,,pariaturnonsit,[],367239874693
Bodega Club,366524525293,Paul Geraghty - CE - aparna,pgeraghty@example.com,admin,True,,Product Support - CE,planunderscoregold,,vitaecupiditatefuga,[],367239842073
Monk House Sales,366524709294,Luke Hadley92 - aparna,luke.hadley92@example.com,end-user,True,,,planunderscoregold,,possimusmaioresculpa,[],367196430474
Sandy's,366525277354,Jpalkhiwalla - aparna,jpalkhiwalla@example.com,end-user,True,,,planunderscorebronze,,dictadolorvoluptate,[],367196435354
Country Club Markets2,366560684594,Matteoberin - aparna,matteoberin@example.com,end-user,True,,,planunderscorebronze,,velitsimiliqueenim,[],367196405394
Clemens Markets,366560684594,Matteoberin - aparna,matteoberin@example.com,end-user,True,,,planunderscorebronze,,velitsimiliqueenim,[],367239844293
Spaceage Stereo,366560684594,Matteoberin - aparna,matteoberin@example.com,end-user,True,,,planunderscorebronze,,velitsimiliqueenim,[],367239872653
Food Mart,366759135634,Frank Murray - aparna,frankm3210@example.com,end-user,True,,,planunderscoresilver,,reiciendislaboreperspiciatis,[],367239850533
1-Stop Connections,366759135634,Frank Murray - aparna,frankm3210@example.com,end-user,True,,,planunderscoresilver,,reiciendislaboreperspiciatis,[],367239833453
abbeal,366777525234,Malachi Briggs - aparna,mbriggs@example.com,end-user,True,,,planunderscoregold,,porropraesentiumcorrupti,[],367239839613
Bugle Boy,366780768194,Sara Libra - aparna,sara.libra@example.com,agent,True,,Product Support - CE,planunderscoregold,,eumtotamquis,[],367239842093
Kleinhans,366837168413,Sow Tang - aparna,sowtang@example.com,end-user,True,,,planunderscoresilver,,molestiaedoloresminus,[],367196423854
Express Logistics and Transport,366852142153,Visitor 22509194 - aparna,,end-user,True,,,planunderscoregold,,velplaceatquia,[],367196411654
Allied Agent Office,366852142153,Visitor 22509194 - aparna,,end-user,True,,,planunderscoregold,,velplaceatquia,[],367196397314
Mighty Casey's,366853167253,Visitor 62184340 - aparna,,end-user,True,,,planunderscorebronze,,veroeligendidolor,[],367239863293
Purity,366853325093,Visitor 45596237 - aparna,,end-user,True,,,planunderscoresilver,,occaecatiaspernaturipsam,[],367239866473
Singer Lumber,366853334013,Visitor 62184340 - aparna,,end-user,True,,,planunderscoregold,,natusasperioreseum,[],367239872633
Burlington Textiles Corp of America,366857466034,Dbee - aparna,dbee@example.com,end-user,True,,,planunderscoregold,,dignissimossequinihil,[],367239844093
Spaceage Stereo,366872298774,+1 (970) 819-5246 - aparna,,end-user,True,,,planunderscoregold,,suscipitdelectuscupiditate,[],367239872653
Eisner Food Stores2,366873030774,Visitor 64987340 - aparna,,end-user,True,,,planunderscorebronze,,consecteturquaealiquid,[],367196409554
Sunburst Garden Management,366873044094,Visitor 45596237 - aparna,,end-user,True,,,planunderscoregold,,temporeminimaeos,[],367239874693
University of Arizona,367241158053,Hello - aparna,hello@example.com,end-user,True,,,planunderscoresilver,,doloresutquas,[],367196441634
Dun Rite Lawn Care,367353509333,Visitor 78113833 - aparna,,end-user,True,,,planunderscorebronze,,quaemaximeillo,[],367196407434
Speedy org,367356000273,Visitor 71345929 - aparna,,end-user,True,,,planunderscoresilver,,quiaarchitectoprovident,[],367239874653
1-Stop Connections,367372321873,Amanda Editor - aparna,agamblin+1@example.com,agent,True,,Product Support - CE,planunderscoresilver,,magnameligendipraesentium,['editor'],367239833453
MVP Sports,367385296334,Amanda Parker - aparna,agamblin+2@example.com,agent,True,,Product Support - CE,planunderscoregold,,quisquamnecessitatibusautem,[],367239864413
Seth Means Org,367385296334,Amanda Parker - aparna,agamblin+2@example.com,agent,True,,Product Support - CE,planunderscoregold,,quisquamnecessitatibusautem,[],367239872593
Pro-Care Garden Maintenance,367431100633,Diana - aparna,diana@example.com,end-user,True,,,planunderscorebronze,,laborevitaevero,[],367196434514
Joe SR Org,367431790093,Smove Customer - aparna,smovecustomer@example.com,end-user,True,,,planunderscoregold,,atducimusquam,[],367196423794
Dun Rite Lawn Care,367456096674,Visitor 16019904 - aparna,,end-user,True,,,planunderscorebronze,,voluptatumeligendivitae,[],367196407434
8th Sphere,367490808594,Fabio Guarrasi - aparna,fguarrasi@example.com,end-user,True,,,planunderscoresilver,,aspernaturutesse,[],367196395294
Rackspace Corporate,367655689734,Visitor 6752713 - aparna,,end-user,True,,,planunderscoresilver,,cumquenequeveritatis,[],367239868573
Joe SR Private Org,367657688234,Visitor 6752713 - aparna,,end-user,True,,,planunderscorebronze,,doloremabreiciendis,[],367196423814
House Of Denmark,367681979254,Ford Dealership L.A. - aparna,,end-user,True,Big fan of honey ðŸ,,planunderscoregold,,possimusrepellateius,[],367196419774
Burlington Textiles Corp of America,367732614054,Visitor 89762738 - aparna,,end-user,True,,,planunderscorebronze,,earumidexpedita,[],367239844093
Avant Garde Appraisal,367762899813,Visitor 53772329 - aparna,,end-user,True,,,planunderscorebronze,,aspernaturipsamnon,[],367196401314
"1,000 Bulbs",367762899813,Visitor 53772329 - aparna,,end-user,True,,,planunderscorebronze,,aspernaturipsamnon,[],367196395194
40 Proof,367762899813,Visitor 53772329 - aparna,,end-user,True,,,planunderscorebronze,,aspernaturipsamnon,[],367196395274
Ardan's,367763329633,Visitor 29123615 - aparna,,end-user,True,,,planunderscoresilver,,nostrumateius,[],367239839633
United Oil & Gas Corp.,367763329633,Visitor 29123615 - aparna,,end-user,True,,,planunderscoresilver,,nostrumateius,[],367196441594
Rackspace Infrastructure,367763329633,Visitor 29123615 - aparna,,end-user,True,,,planunderscoresilver,,nostrumateius,[],367239870573
Erol's,367775633894,Visitor 33745935 - aparna,,end-user,True,,,planunderscoresilver,,commodiveniamvoluptates,[],367196409574
1-800-Flowers.Com Inc,367775633894,Visitor 33745935 - aparna,,end-user,True,,,planunderscoresilver,,commodiveniamvoluptates,[],367196395214
Eisner Food Stores2,367775633894,Visitor 33745935 - aparna,,end-user,True,,,planunderscoresilver,,commodiveniamvoluptates,[],367196409554
fast org,367953408354,Visitor 86104276 - aparna,,end-user,True,,,planunderscoresilver,,estconsequaturmolestiae,[],367196411694
"1,000 Bulbs",367961038194,Visitor 86143413 - aparna,,end-user,True,,,planunderscorebronze,,praesentiumquisquamquam,[],367196395194
"United Oil & Gas, UK",367988064473,Visitor 36763002 - aparna,,end-user,True,,,planunderscoresilver,,noneaquetempore,[],367196441614
Avant Garde Appraisal,367993918434,Visitor 16157568 - aparna,,end-user,True,,,planunderscoresilver,,ipsamautemnulla,[],367196401314
This name is not unique,368046789393,Caller +353 85 821 9003 - aparna,,end-user,True,,,planunderscoresilver,,quaequisnatus,[],367239874753
Home Quarters Warehouse,368134180793,Kaitlyn Skalet - aparna,kskalet@example.com,admin,True,,Product Support - CE,planunderscoregold,,nullaeaat,[],367239852593
Eisner Food Stores,368149275374,Amanda Jones - aparna,agamblin+jones@example.com,agent,True,,Product Support - CE,planunderscorebronze,,cumqueiustoomnis,[],367196409534
40 Proof,368149275374,Amanda Jones - aparna,agamblin+jones@example.com,agent,True,,Product Support - CE,planunderscorebronze,,cumqueiustoomnis,[],367196395274
House Of Denmark,368165153954,Peter Agent - aparna,peter@example.com,end-user,True,,,planunderscoregold,,iureevenietnostrum,['itmanager'],367196419774
z3n Rye,368335203253,Amanda Yu - CE - aparna,ayu@example.com,admin,True,,Product Support - CE,planunderscoregold,,suntaliquidcum,[],367239880833
Helios Air,368335203253,Amanda Yu - CE - aparna,ayu@example.com,admin,True,,Product Support - CE,planunderscoregold,,suntaliquidcum,[],367196419714
Monk House Sales,368335203253,Amanda Yu - CE - aparna,ayu@example.com,admin,True,,Product Support - CE,planunderscoregold,,suntaliquidcum,[],367196430474
The Pink Pig Tavern,368371915854,Dinky Skalet - CE - aparna,dinkythefrenchbulldog@example.com,end-user,True,,,planunderscoresilver,,mollitiasedvelit,[],367239874733
Waccamaw Pottery,368371915854,Dinky Skalet - CE - aparna,dinkythefrenchbulldog@example.com,end-user,True,,,planunderscoresilver,,mollitiasedvelit,[],367239878793
Sew-Fro Fabrics,368371915854,Dinky Skalet - CE - aparna,dinkythefrenchbulldog@example.com,end-user,True,,,planunderscoresilver,,mollitiasedvelit,[],367196437354
Food Mart,368384476693,Visitor 90064273 - aparna,,end-user,True,,,planunderscorebronze,,iddoloribusdolorem,[],367239850533
Sandy's,368385917153,Visitor 6435951 - aparna,,end-user,True,,,planunderscoresilver,,facilisexplicabovoluptates,[],367196435354
Speedy org,368410477574,Dwight Schrute - CE - aparna,schrutedwight99@example.com,end-user,True,,,planunderscoregold,,expeditaremnon,[],367239874653
United Oil & Gas Corp.,368410477574,Dwight Schrute - CE - aparna,schrutedwight99@example.com,end-user,True,,,planunderscoregold,,expeditaremnon,[],367196441594
Romp,368410477574,Dwight Schrute - CE - aparna,schrutedwight99@example.com,end-user,True,,,planunderscoregold,,expeditaremnon,[],367239870593
Knox Lumber,368740341834,Tommy Bahama - aparna,tommyb@example.com,agent,True,,Product Support - CE,planunderscoresilver,,necessitatibusporroadipisci,[],367239857193
Indiewealth,368763731074,Caller +1 (707) 701-3321 - aparna,,end-user,True,,,planunderscoresilver,,placeatearumpraesentium,[],367239854653
Wellby,369033497393,Visitor 35998615 - aparna,,end-user,True,,,planunderscorebronze,,atiuretempore,[],367239880793
Allied Agent Office,369092473533,RT - aparna,r@example.com,end-user,True,,,planunderscoregold,,erroraliquamporro,[],367196397314
Merrymaking2,369092809313,RT - aparna,rt@example.com,end-user,True,,,planunderscoresilver,,minimaisteratione,[],367239863253
Wellby,369128486373,Mdbeaniza - aparna,mdbeaniza@example.com,end-user,True,,,planunderscoregold,,oditdoloremexplicabo,[],367239880793
Monk House Sales,369132408374,Caller +1 (801) 268-0727 - aparna,,end-user,True,,,planunderscoresilver,,mollitiarepellatmodi,[],367196430474
40 Proof,369132408374,Caller +1 (801) 268-0727 - aparna,,end-user,True,,,planunderscoresilver,,mollitiarepellatmodi,[],367196395274
Sunburst Garden Management,369132408374,Caller +1 (801) 268-0727 - aparna,,end-user,True,,,planunderscoresilver,,mollitiarepellatmodi,[],367239874693
Red Bears Tavern,369141847874,Btillon246 - aparna,btillon246@example.com,end-user,True,,,planunderscorebronze,,estutdolorum,[],367196434534
Clemens Markets,369239397794,No Email - aparna,,end-user,True,,,planunderscoregold,,culpaexcepturisaepe,[],367239844293
Home Quarters Warehouse,369429013993,Visitor 24342869 - aparna,,end-user,True,Mmmm donuts ðŸ©,,planunderscoregold,,nullamagnitempore,[],367239852593
Mr. Steak,369528067213,Caller +33 6 99 63 65 78 - aparna,,end-user,True,,,planunderscoresilver,,minimaminimaiure,[],367196432474
Allied Agent Office,369688178734,+44 7833 591325 - aparna,,end-user,True,,,planunderscoregold,,liberofugiatquasi,[],367196397314
MVP Sports,369694307433,Dotty Dumpling - CE - aparna,dottydumpling@example.com,agent,True,,Product Support - CE,planunderscorebronze,,solutaatcupiditate,[],367239864413
Odyssey Records & Tapes,369744805933,raiello@zendesk.com - aparna,raiello@example.com,admin,True,,Product Support - CE,planunderscoresilver,,autporroa,[],367239864453
Country Club Markets2,369750183193,Visitor 96067358 - aparna,,end-user,True,,,planunderscoregold,,animiesserepudiandae,[],367196405394
40 Proof,369750183193,Visitor 96067358 - aparna,,end-user,True,,,planunderscoregold,,animiesserepudiandae,[],367196395274
Herman's World of Sporting Goods,369750238733,Visitor 42468770 - aparna,,end-user,True,,,planunderscoregold,,officiaquosquidem,[],367196419734
sForce,369750238733,Visitor 42468770 - aparna,,end-user,True,,,planunderscoregold,,officiaquosquidem,[],367239872613
Seth Means Org,369750247333,Visitor 69552426 - aparna,,end-user,True,,,planunderscoresilver,,quaerateiusincidunt,[],367239872593
Mr. Steak,369752725853,Visitor 68332357 - aparna,,end-user,True,,,planunderscorebronze,,eosquiavoluptates,[],367196432474
Farrell's Ice Cream Parlour,369756393013,Visitor 61583225 - aparna,,end-user,True,,,planunderscorebronze,,quibusdamautconsectetur,[],367239850413
sForce,369756393013,Visitor 61583225 - aparna,,end-user,True,,,planunderscorebronze,,quibusdamautconsectetur,[],367239872613
United Oil & Gas Corp.,369757272074,Laura Scrimshaw - aparna,laura1905@example.com,end-user,True,,,planunderscorebronze,,magnioditexcepturi,[],367196441594
40 Proof,369766138994,Visitor 75877319 - aparna,,end-user,True,,,planunderscoregold,,asperioresquasilabore,[],367196395274
1-800-Flowers.Com Inc,369819110093,Caller +353 87 954 1162 - aparna,,end-user,True,,,planunderscorebronze,,aliasveritatisculpa,[],367196395214
abbeal,369819110093,Caller +353 87 954 1162 - aparna,,end-user,True,,,planunderscorebronze,,aliasveritatisculpa,[],367239839613
Sunburst Garden Management,369819110093,Caller +353 87 954 1162 - aparna,,end-user,True,,,planunderscorebronze,,aliasveritatisculpa,[],367239874693
Wellby,370018613494,Anyemailaddress - aparna,anyemailaddress@example.com,end-user,True,,,planunderscoresilver,,quasiquasesse,[],367239880793
Erol's,370021278434,Visitor 39653357 - aparna,,end-user,True,,,,,,,367196409574
Merrymaking,370050943034,Visitor 39653357 - aparna,,end-user,True,,,planunderscorebronze,,teneturexercitationemin,[],367239863213
Dickenson plc,370072639833,Visitor 95601420 - aparna,,end-user,True,,,planunderscoregold,,temporanatusveniam,[],367239846393
abbeal,370072639833,Visitor 95601420 - aparna,,end-user,True,,,planunderscoregold,,temporanatusveniam,[],367239839613
National Hardgoods Distributors,370097445354,Visitor 89762738 - aparna,,end-user,True,,,planunderscoresilver,,perspiciatisveritatisaccusamus,[],367239864433
Country Club Markets2,370097445354,Visitor 89762738 - aparna,,end-user,True,,,planunderscoresilver,,perspiciatisveritatisaccusamus,[],367196405394
Sew-Fro Fabrics,370117946474,George - aparna,george@example.com,agent,True,,Product Support - CE,planunderscorebronze,,numquamaterror,[],367196437354
Avant Garde Interior Designs,370143016274,Adam Meehan - aparna,ameehan@example.com,agent,True,,Product Support - CE,planunderscoregold,,illumipsumratione,[],367239840053
8254111111111,370319449113,Visitor 2878374 - aparna,,end-user,True,,,planunderscoresilver,,expeditaminimamollitia,[],367239837593
Country Club Markets2,370334155414,Visitor 90901574 - aparna,,end-user,True,,,planunderscoresilver,,deseruntculpaincidunt,[],367196405394
8254111111111,370339064594,Visitor 39653357 - aparna,,end-user,True,,,planunderscoregold,,vitaedolorautem,[],367239837593
Life Map,370339064594,Visitor 39653357 - aparna,,end-user,True,,,planunderscoregold,,vitaedolorautem,[],367239861193
Mervyn's,370339064594,Visitor 39653357 - aparna,,end-user,True,,,planunderscoregold,,vitaedolorautem,[],367196428474
"United Oil & Gas, UK",370339268234,Jesse - aparna,jesse@example.com,end-user,True,,,planunderscoresilver,,incidunttemporamagni,[],367196441614
Wealthy Ideas,370458022533,Paul Geraghty - aparna,p-geraghty@example.com,end-user,True,,,planunderscoregold,,laboriosamquomollitia,[],367196443654
40 Proof,370571138433,Ken Copeland - aparna,,end-user,True,,,planunderscoresilver,,totamfugaassumenda,[],367196395274
z3n Rye,370585101373,Chloe Customer - aparna,,end-user,True,,,planunderscorebronze,,laboriosamfacereodit,[],367239880833
Clemens Markets,370585101373,Chloe Customer - aparna,,end-user,True,,,planunderscorebronze,,laboriosamfacereodit,[],367239844293
2U,370585789833,Visitor 14363488 - aparna,,end-user,True,,,planunderscorebronze,,doloremquenobistempora,[],367196395254
Hudson's MensWear,370594396574,Ken Copeland - aparna,,end-user,True,,,planunderscoresilver,,numquamofficiaperferendis,[],367196421774
Builders Emporium,370595365934,Visitor 6435951 - aparna,,end-user,True,,,planunderscoregold,,quidemrationenobis,[],367196403374
Rackspace Corporate,370615567333,Fred Flintstone - aparna,yabbadabbadoo@example.com,agent,True,,Product Support - CE,planunderscoresilver,,fugiatdistinctioest,[],367239868573
757 Creative Space,370627024794,Chloe Customer - aparna,,end-user,True,,,planunderscoregold,,doloremquearchitectomagnam,[],367239837573
Odyssey Records & Tapes,370636489674,Visitor 62892710 - aparna,,end-user,True,,,planunderscorebronze,,earumodiovitae,[],367239864453
1-800-Flowers.Com Inc,370681271074,Chloe Customer - aparna,,end-user,True,,,planunderscorebronze,,adhicnecessitatibus,"['uk', 'vip', 'london']",367196395214
abbeal,370681271074,Chloe Customer - aparna,,end-user,True,,,planunderscorebronze,,adhicnecessitatibus,"['uk', 'vip', 'london']",367239839613
Romp,370681271074,Chloe Customer - aparna,,end-user,True,,,planunderscorebronze,,adhicnecessitatibus,"['uk', 'vip', 'london']",367239870593
"1,000 Bulbs",370681332534,Visitor 31298744 - aparna,,end-user,True,,,planunderscoregold,,laudantiumfugiatlibero,[],367196395194
Country Club Markets2,370799582894,Visitor 32146013 - aparna,,end-user,True,,,planunderscorebronze,,aperiameosmolestias,[],367196405394
Seth Means Org,370805248574,Visitor 3510063 - aparna,,end-user,True,,,planunderscoregold,,quiaillumvel,[],367239872593
HomeBase,370806191414,Visitor 3510063 - aparna,,end-user,True,,,planunderscoregold,,abliberocorporis,[],367239852613
Crazy Tiger,370860385254,Caller +1 (920) 427-2381 - aparna,,end-user,True,,,planunderscoreplatinum,,necessitatibusiustoveniam,[],367196407394
Waccamaw Pottery,370921685053,Visitor 56987079 - aparna,,end-user,True,,,planunderscoregold,,omniserrorofficiis,[],367239878793
z3n Rye,370924622933,Visitor 30028211 - aparna,,end-user,True,,,planunderscorebronze,,numquamveniamdeleniti,[],367239880833
Circuit City,370926262393,Visitor 47060547 - aparna,,end-user,True,,,planunderscoregold,,excepturicorporismollitia,[],367239844113
40 Proof,370947927034,Visitor 93468409 - aparna,,end-user,True,,,planunderscorebronze,,sedtemporeexercitationem,[],367196395274
Singer Lumber,370951201994,Visitor 47060547 - aparna,,end-user,True,,,planunderscorebronze,,voluptatesdolorsit,[],367239872633
Burlington Textiles Corp of America,370952088714,Visitor 47060547 - aparna,,end-user,True,,,planunderscoresilver,,magnisapientemagni,[],367239844093
Circuit City,370975279994,Caller +1 (914) 522-3028 - aparna,,end-user,True,,,planunderscoresilver,,autipsummolestias,[],367239844113
1077207-Moneygram International,370975279994,Caller +1 (914) 522-3028 - aparna,,end-user,True,,,planunderscoresilver,,autipsummolestias,[],367196395234
Beecher Supply,370975279994,Caller +1 (914) 522-3028 - aparna,,end-user,True,,,planunderscoresilver,,autipsummolestias,[],367239840073
Education 360,370975809734,Hi - aparna,hi@example.com,end-user,True,,,planunderscoresilver,,temporedeseruntfugit,[],367196409434
3Cinteractive,371021420573,Visitor 57164535 - aparna,,end-user,True,,,planunderscoregold,,accusamussuntarchitecto,[],367239837473
This name is not unique,371052163994,Visitor 36815357 - aparna,,end-user,True,,,planunderscoresilver,,magninequelibero,[],367239874753
abbeal,371052187434,Visitor 56987079 - aparna,,end-user,True,,,planunderscoresilver,,exercitationemessesed,[],367239839613
Seth Means Org,371053068514,Chloe Customer - aparna,,end-user,True,,,planunderscoregold,,molestiasexpeditadeleniti,[],367239872593
Avant Garde Interior Designs,371119123594,james - aparna,james@example.com,end-user,True,,,planunderscorebronze,,totamdolorsequi,[],367239840053
